SET FOREIGN_KEY_CHECKS=0;

insert into locations(id, formatted, latitude, longitude, city, region, oblast, custom) values('ChIJBUVa4U7P1EAR_kYBF9IxSXY', 'Київ, Україна', '50.4501', '30.5234', 'Київ', 'місто Київ', 'місто Київ', false);
insert into locations(id, formatted, latitude, longitude, city, region, oblast, custom) values('ChIJV5oQCXzdOkcR4ngjARfFI0I', 'Львів, Львівська область, Україна',  '49.839683', '24.029717', 'Львів', 'Львівська область', null, false);

insert into DELIVERY.USERS (email, approved, blocked, first_name, last_name, gender, password, phone, rate, user_role) VALUES ('email0@gmail.com', 1, 0, 'John', 'Wick', 'MALE', '$2a$11$8wIHIBRKowWOkoGEUq56gOaKdm06S0j2QaGfdpoVAjieNzFiKpena', '+3803576293', 1, 'ADMIN'), ('email1@gmail.com', 1, 0, 'Betty', 'Jackson', 'FEMALE', '$2a$11$vD/j9HaslW6oMp9JK1O0DOw8CvPpKi8GxhJ.Ef3EIDFKaHF8A8Lja', '+3807462160', 3, 'MODERATOR'), ('email2@gmail.com', 1, 0, 'Nancy', 'White', 'FEMALE', '$2a$11$aXnwxEgoymivbVIU5nO4de2rZUJAq3Qf3.ORFgZJC39YDuQsm5Cdm', '+3806807754', 5, 'DRIVER'), ('email3@gmail.com', 1, 0, 'Mary', 'Jackson', 'FEMALE', '$2a$11$7ugmcYwIYxJJ/uJTGxGVMOC3nfUhVMHdLpTu93CeMTX./jNZGNzoG', '+3801726186', 5, 'DRIVER'), ('email4@gmail.com', 1, 0, 'John', 'Shelly', 'MALE', '$2a$11$8p6Kd/yROPjHYOTDmfvxv.6LoF3fUNh/7WJZcLNCHYarjGLAhFGv2', '+3806212721', 1, 'DRIVER'), ('email5@gmail.com', 1, 0, 'Samuel', 'Hatthaway', 'MALE', '$2a$11$NYFizFcXY/UDTcZureum3u7q6jcbB.NL8.arc4rPaiP1BosbElfBa', '+3803896003', 4, 'DRIVER'), ('email6@gmail.com', 1, 0, 'John', 'Jackson', 'MALE', '$2a$11$qWxRp6BE/G9.Sb5MtIE3.ekVKw3DaMktwCbLwtQHhdfc3GOBvhxMa', '+3809354253', 3, 'DRIVER'), ('email7@gmail.com', 1, 0, 'Thomas', 'Wollowitz', 'MALE', '$2a$11$nCenO8nJ3WLrpqPZzoiPG.9nlfrgYtm07pROVzTraVHzK24G.UXBK', '+3809357917', 5, 'DRIVER'), ('email8@gmail.com', 1, 0, 'John', 'Clayborn', 'MALE', '$2a$11$js65CaSTEhEnKKKNzi/ex.zo2XTvnFWRE5H5dVreiAvGjWiQYJQtG', '+3805801242', 5, 'DRIVER'), ('email9@gmail.com', 1, 0, 'Samuel', 'Shelly', 'MALE', '$2a$11$pB/cifZlXKwIArciBZ2tyeIOQRI6We.PrLLLxlHRzIra0JwCuGCwC', '+3803743517', 4, 'DRIVER'), ('email10@gmail.com', 1, 0, 'Andy', 'Hatthaway', 'MALE', '$2a$11$uvu.VHPp3uLuC2eUhsU0VujlD2TGVDZExgYmkM4utNOtg69.EMmPW', '+3809897345', 4, 'DRIVER'), ('email11@gmail.com', 1, 0, 'Nancy', 'Hatthaway', 'FEMALE', '$2a$11$TYyiSBVPtAwUbQEGt6O7keoWxHjF5OPGuADVdZF3avt1EtAEhXTJi', '+3803696610', 3, 'DRIVER'), ('email12@gmail.com', 1, 0, 'Thomas', 'Wollowitz', 'MALE', '$2a$11$HwwfdYL16sYjCE5YCvPZ..clbefq9oyNMv.vapPGlV1fecGyG3.cu', '+3804190402', 4, 'DRIVER'), ('email13@gmail.com', 1, 0, 'John', 'Hatthaway', 'MALE', '$2a$11$CqtRhpAbCUDphbb3Q8oBxeS2Ge2BgeUzQcS0cZHHgEPSiOwxtc3xC', '+3808503436', 3, 'DRIVER'), ('email14@gmail.com', 1, 0, 'Samuel', 'Garcia', 'MALE', '$2a$11$N7z7ZEWrkj2KmTOb/f797OSSV1XHZEG8vh/xkDanOKWQfFADJFCoq', '+3809643184', 3, 'DRIVER'), ('email15@gmail.com', 1, 0, 'Betty', 'Raegan', 'FEMALE', '$2a$11$3ovZg4umCMLshrdBxZqMrOJLVJqrqjlTp4V3OMHKG5Rod8GQ2jEVu', '+3808265266', 2, 'DRIVER'), ('email16@gmail.com', 1, 0, 'Thomas', 'Clayborn', 'MALE', '$2a$11$Bs7te/aZNZAx9/ICqKR0neVLA5qA7XVDGmFAxX6P15cijy60eJvQy', '+3800248424', 2, 'DRIVER'), ('email17@gmail.com', 1, 0, 'Samuel', 'Wick', 'MALE', '$2a$11$q5aWdcCWmw6BkVeKzjsOA.OMT9iZ.iPlWL0lmLx/GLRuNGZOxnF5G', '+3808531129', 4, 'DRIVER'), ('email18@gmail.com', 1, 0, 'Andy', 'Hatthaway', 'MALE', '$2a$11$bZdOi/7fJnWkfdRBZHDVtur3kG9jyaW9wS/pZTEi.c8hvswDlQhfW', '+3806717842', 5, 'DRIVER'), ('email19@gmail.com', 1, 0, 'Mary', 'Wollowitz', 'FEMALE', '$2a$11$9QCdK5bhd/FIUhMuYajiPety6leqDN.o1slMN4m3MjmipGx/wurg2', '+3808624560', 2, 'DRIVER'), ('email20@gmail.com', 1, 0, 'John', 'Raegan', 'MALE', '$2a$11$VYhjJTT556QzlJvWH4lP9e2Ba7yi0BDRSbK7coOBJDAcXRJWznb3K', '+3801255673', 5, 'DRIVER'), ('email21@gmail.com', 1, 0, 'Thomas', 'Raegan', 'MALE', '$2a$11$CzOoAYZgEgPzX9ttR8QjxeDek1gsGNsfF7pstO.YHqI47gDeJtvDS', '+3809231504', 3, 'CUSTOMER'), ('email22@gmail.com', 1, 0, 'Mary', 'Jackson', 'FEMALE', '$2a$11$jla2xxequbA4TKRG1SPFpeJLJbd9XrAofwYoueNFwqJgTXXMTDjPS', '+3804044831', 1, 'CUSTOMER'), ('email23@gmail.com', 1, 0, 'Betty', 'Clayborn', 'FEMALE', '$2a$11$VOPRhsXrmCh4c0wLN13Gcu1XddLAL.8.y0U3EUAkaqmAl73JJoHaK', '+3806868723', 5, 'CUSTOMER'), ('email24@gmail.com', 1, 0, 'Thomas', 'Clayborn', 'MALE', '$2a$11$uN4QJ.sWzLFSJLM2H0voCeenCDxWDNQpJvZkHy8MrvMio9I/d.LoG', '+3800535454', 3, 'CUSTOMER'), ('email25@gmail.com', 1, 0, 'Thomas', 'Wick', 'MALE', '$2a$11$3bLCkZP4q8YxpRWTouKnJO9WNeb6ry3uy4lJOpvkcfQIyE67hCmDm', '+3805011792', 4, 'CUSTOMER'), ('email26@gmail.com', 1, 0, 'Robert', 'Raegan', 'MALE', '$2a$11$tnUBrS9FicJ2o0OiltYE6ulZ6ewSsauFLPYsKWuOhjZU7BjMHyzpy', '+3805083935', 5, 'CUSTOMER'), ('email27@gmail.com', 1, 0, 'Robert', 'White', 'MALE', '$2a$11$eTOpEEF1zimhbE6Miaq.IO0DtUnVWpCXIDpMUrgzzkVg853Nw/fh6', '+3805783102', 3, 'CUSTOMER'), ('email28@gmail.com', 1, 0, 'Samuel', 'White', 'MALE', '$2a$11$oRI5BJhD2BssRXX3KMB4d.AkXlxZxY1UW5eSS2MKeofj1vl8JOcDy', '+3808709704', 3, 'CUSTOMER'), ('email29@gmail.com', 1, 0, 'Dolores', 'Jefferson', 'FEMALE', '$2a$11$qNaVFsfJr/KAPI00Zv986.hCdwWC5w2lS/A8dIbIb2QoFnD63DX6e', '+3800427349', 1, 'CUSTOMER'), ('email30@gmail.com', 1, 0, 'Betty', 'Wollowitz', 'FEMALE', '$2a$11$7rX2LnOo6FcYiFvILORhHOeAYVhPTfga4AuFqR.dvMPRvMKybjV26', '+3806847986', 3, 'CUSTOMER'), ('email31@gmail.com', 1, 0, 'John', 'Garcia', 'MALE', '$2a$11$2KvfsTHXYgBhXiR9pxpBLe9W7ZaqOUFF67/1yBusesA3LjyugfYCe', '+3802829312', 5, 'CUSTOMER');

insert into users (email, approved, blocked, first_name, last_name, passport, password, phone, photo_url, rate, user_role) VALUES ('martin@gmail.com', 1, 0, 'Martin', 'Oderky', 'ЕП 524550', '$2a$10$d2HsbmeXA6x6hz7Wm.3RG.4ZFaZYW95i0ieKN.RItNnrt5sVykGr6', '+3806648951', '/resources/users/photos/email31@gmail.com.png', 5, 'CUSTOMER');

insert into DELIVERY.CARS (vehicle_height, vehicle_length, vehicle_width, vehicle_weight, vehicle_name, vehicle_number, vehiclevin, driver_id) VALUES (0.7644476656643322, 1.5288953313286644, 1.2231162650629317, 178.68661339737756, 'Kia Ceed', 'VT 1682 TZ', '4Y1P1D9Z7G9X1F6V7', 'email2@gmail.com'), (0.6210443429464418, 1.2420886858928837, 0.993670948714307, 112.03023793978016, 'BMW M5', 'VV 8678 PE', '8H1O9O4E6F0X3P0Q3', 'email3@gmail.com'), (0.6803874118310411, 1.3607748236620822, 1.0886198589296658, 222.88666286384816, 'Honda Accord', 'XO 6547 BG', '4A9E7R1U7S4O5X3I2', 'email4@gmail.com'), (0.8945335380704388, 1.7890670761408776, 1.4312536609127022, 303.9424659615756, 'Honda Accord', 'CY 9622 VP', '2O6S2T2F1E4P1J0Z5', 'email5@gmail.com'), (0.9753157733843714, 1.9506315467687427, 1.5605052374149944, 275.18014783918034, 'BMW M5', 'RR 6731 NZ', '8Y5D8H8Y6M2L4K5H4', 'email6@gmail.com'), (0.9456653763798941, 1.8913307527597882, 1.5130646022078307, 112.85627631649257, 'BMW M5', 'YB 5399 HF', '6E4N7U2M3R5K4Z8E7', 'email7@gmail.com'), (0.8651704813500805, 1.730340962700161, 1.3842727701601287, 119.48359050819161, 'Hyundai Accent', 'XU 6266 ZO', '9N1O8M2V4O5Y3V6F1', 'email8@gmail.com'), (0.9274880535827902, 1.8549761071655804, 1.4839808857324643, 182.99509629929776, 'Kia Ceed', 'DS 2969 ZT', '7T6M4M7S0D1T9S7K6', 'email9@gmail.com'), (0.6863077976062031, 1.3726155952124062, 1.098092476169925, 126.88149886819997, 'Honda Accord', 'JN 1747 QL', '6G1V8H0P6U6H1U1F0', 'email10@gmail.com'), (0.5850237437910486, 1.1700474875820972, 0.9360379900656778, 441.08169215451744, 'Scoda Octavia', 'QP 4681 YC', '9X0T9U4H5L1N5R0V8', 'email11@gmail.com'), (0.7431010097111772, 1.4862020194223544, 1.1889616155378835, 105.7692958034681, 'Nissan Micra', 'VY 2001 XV', '3E5X6C6C7E7F7H6M4', 'email12@gmail.com'), (0.5893326022534245, 1.178665204506849, 0.9429321636054793, 376.9162853844523, 'Nissan Micra', 'OB 0631 YA', '4U0P8T5F3K9E7M1H8', 'email13@gmail.com'), (0.9287628876705556, 1.8575257753411112, 1.486020620272889, 293.6284136925303, 'Zaz Lanos', 'DP 9055 NH', '8M1F4P4B5S9G1T0U6', 'email14@gmail.com'), (0.8860115675698794, 1.7720231351397588, 1.4176185081118071, 292.735185055069, 'Renault Megane', 'ZE 0586 UV', '9A7K6O1C7B5A1N2O1', 'email15@gmail.com'), (0.8830638694633608, 1.7661277389267216, 1.4129021911413773, 175.980239180247, 'Zaz Lanos', 'DR 9398 LX', '8V0S0J9C7R6D9T7D2', 'email16@gmail.com'), (0.8842998913272986, 1.7685997826545972, 1.414879826123678, 269.39687125738794, 'Kia Ceed', 'BW 8302 JN', '5T5T1L5I4W9U8A8F2', 'email17@gmail.com'), (0.5756178632210841, 1.1512357264421682, 0.9209885811537346, 443.06594478636646, 'Hyundai Accent', 'IR 7797 SS', '7J5N7T8A0T5S5M6K0', 'email18@gmail.com'), (0.9379632206509398, 1.8759264413018797, 1.5007411530415038, 222.44232518359755, 'Toyota Corolla', 'DT 8079 SU', '0S7U3V6P3D1L0S0E2', 'email19@gmail.com'), (0.8284075409138085, 1.656815081827617, 1.3254520654620938, 519.7990223675963, 'Scoda Octavia', 'DB 8212 OP', '2A9Y7D6U3E3H1A4M3', 'email20@gmail.com');

insert into orders(id, arrival_date, description, height, length, order_status, price, registration_date, weight, width, customer_user_id, location_from_id, location_to_id) values (1, '2016-12-02 00:00:00', 'Glass', 2.00, 6.00, 'OPEN', NULL, '2016-11-28 00:45:40', 5.00, 0.8, 'martin@gmail.com', 'ChIJV5oQCXzdOkcR4ngjARfFI0I', 'ChIJBUVa4U7P1EAR_kYBF9IxSXY');
insert into orders(id, arrival_date, description, height, length, order_status, price, registration_date, weight, width, customer_user_id, location_from_id, location_to_id) values (2, '2016-12-02 00:00:00', 'Tools', 15.00, 3.00, 'OPEN', NULL, '2016-11-28 00:45:40', 2.00, 4.00, 'martin@gmail.com', 'ChIJV5oQCXzdOkcR4ngjARfFI0I', 'ChIJBUVa4U7P1EAR_kYBF9IxSXY');
insert into orders(id, arrival_date, description, height, length, order_status, price, registration_date, weight, width, customer_user_id, location_from_id, location_to_id) values (3, '2016-12-02 00:00:00', 'Potatoes', 18.00, 2.00, 'OPEN', NULL, '2016-11-28 00:45:40', 5.50, 0.44, 'martin@gmail.com', 'ChIJV5oQCXzdOkcR4ngjARfFI0I', 'ChIJBUVa4U7P1EAR_kYBF9IxSXY');
insert into orders(id, arrival_date, description, height, length, order_status, price, registration_date, weight, width, customer_user_id, location_from_id, location_to_id) values (4, '2016-12-02 00:00:00', 'Clothing', 18.00, 2.00, 'IN_PROGRESS', NULL, '2016-11-28 00:45:40', 5.50, 0.44, 'martin@gmail.com', 'ChIJV5oQCXzdOkcR4ngjARfFI0I', 'ChIJBUVa4U7P1EAR_kYBF9IxSXY');
insert into orders(id, arrival_date, description, height, length, order_status, price, registration_date, weight, width, customer_user_id, location_from_id, location_to_id) values (5, '2016-12-02 00:00:00', 'Stuff', 18.00, 2.00, 'CLOSED', NULL, '2016-11-28 00:45:40', 5.50, 0.44, 'martin@gmail.com', 'ChIJV5oQCXzdOkcR4ngjARfFI0I', 'ChIJBUVa4U7P1EAR_kYBF9IxSXY');
insert into orders(id, arrival_date, description, height, length, order_status, price, registration_date, weight, width, customer_user_id, location_from_id, location_to_id) values (6, '2016-12-02 00:00:00', 'Glass', 18.00, 2.00, 'OPEN', NULL, '2016-11-28 00:45:40', 5.50, 0.44, 'martin@gmail.com', 'ChIJV5oQCXzdOkcR4ngjARfFI0I', 'ChIJBUVa4U7P1EAR_kYBF9IxSXY');
insert into orders(id, arrival_date, description, height, length, order_status, price, registration_date, weight, width, customer_user_id, location_from_id, location_to_id) values (7, '2016-12-02 00:00:00', 'Glass', 18.00, 2.00, 'APPROVED', NULL, '2016-11-28 00:45:40', 5.50, 0.44, 'martin@gmail.com', 'ChIJV5oQCXzdOkcR4ngjARfFI0I', 'ChIJBUVa4U7P1EAR_kYBF9IxSXY');

insert into DELIVERY.ORDERS (arrival_date, description, height, length, order_status, price, registration_date, weight, width, location_from_id, location_to_id, customer_user_id) VALUES ('2016-09-02 21:26:59.842', 'Electronics', 0.694128068479221, 1.388256136958442, 'CLOSED', 50.24857727129156, '2016-09-02 18:33:24.127', 25.714076096942843, 1.1106049095667536, 'ChIJV5oQCXzdOkcR4ngjARfFI0I', 'ChIJBUVa4U7P1EAR_kYBF9IxSXY', 'email21@gmail.com'), ('2016-09-30 09:58:11.998', 'Electronics', 0.5488111180797604, 1.0976222361595207, 'CLOSED', 511.9435956520485, '2016-09-28 10:26:15.907', 15.4321136156497, 0.8780977889276166, 'ChIJV5oQCXzdOkcR4ngjARfFI0I', 'ChIJBUVa4U7P1EAR_kYBF9IxSXY', 'email22@gmail.com'), ('2016-09-05 15:38:44.384', 'Electronics', 0.9349319056392957, 1.8698638112785915, 'CLOSED', 1621.6538243110515, '2016-09-04 06:01:17.492', 43.68882076261527, 1.4958910490228732, 'ChIJV5oQCXzdOkcR4ngjARfFI0I', 'ChIJBUVa4U7P1EAR_kYBF9IxSXY', 'email23@gmail.com'), ('2016-09-22 04:16:43.502', 'Autoparts', 0.5849543547900995, 1.169908709580199, 'CLOSED', 1746.6968201846646, '2016-09-21 00:56:12.71', 37.70061141403006, 0.9359269676641593, 'ChIJV5oQCXzdOkcR4ngjARfFI0I', 'ChIJBUVa4U7P1EAR_kYBF9IxSXY', 'email24@gmail.com'), ('2016-09-16 04:33:28.091', 'Potatoes', 0.9162210524146446, 1.8324421048292892, 'CLOSED', 1818.9360207058853, '2016-09-15 05:57:54.015', 7.429135622771859, 1.4659536838634315, 'ChIJV5oQCXzdOkcR4ngjARfFI0I', 'ChIJBUVa4U7P1EAR_kYBF9IxSXY', 'email25@gmail.com'), ('2016-09-03 22:46:06.619', 'Autoparts', 0.8896145264483422, 1.7792290528966843, 'CLOSED', 1605.331414015639, '2016-09-02 21:17:58.765', 17.698160632166537, 1.4233832423173476, 'ChIJV5oQCXzdOkcR4ngjARfFI0I', 'ChIJBUVa4U7P1EAR_kYBF9IxSXY', 'email26@gmail.com'), ('2016-09-10 20:38:12.631', 'Books', 0.7735040423273954, 1.547008084654791, 'CLOSED', 581.4483264382931, '2016-09-09 21:49:19.819', 36.38338717265137, 1.2376064677238328, 'ChIJV5oQCXzdOkcR4ngjARfFI0I', 'ChIJBUVa4U7P1EAR_kYBF9IxSXY', 'email27@gmail.com'), ('2016-09-19 13:02:48.7', 'Electronics', 0.8372876393858122, 1.6745752787716244, 'CLOSED', 1301.8383589907248, '2016-09-19 05:47:20.965', 10.190865989012753, 1.3396602230172996, 'ChIJV5oQCXzdOkcR4ngjARfFI0I', 'ChIJBUVa4U7P1EAR_kYBF9IxSXY', 'email28@gmail.com'), ('2016-10-02 02:12:54.357', 'Eggs', 0.5112387019471992, 1.0224774038943985, 'CLOSED', 1875.9380539644374, '2016-10-01 11:19:39.503', 19.735863366686413, 0.8179819231155188, 'ChIJV5oQCXzdOkcR4ngjARfFI0I', 'ChIJBUVa4U7P1EAR_kYBF9IxSXY', 'email29@gmail.com'), ('2016-09-24 04:39:52.701', 'Glass', 0.7257595884310084, 1.4515191768620168, 'CLOSED', 1682.2674302458627, '2016-09-22 06:47:50.559', 20.539040080503206, 1.1612153414896136, 'ChIJV5oQCXzdOkcR4ngjARfFI0I', 'ChIJBUVa4U7P1EAR_kYBF9IxSXY', 'email30@gmail.com'), ('2016-09-23 02:54:34.612', 'Autoparts', 0.5427952587679687, 1.0855905175359375, 'CLOSED', 914.2245309778019, '2016-09-21 03:09:18.074', 9.81700890585551, 0.8684724140287501, 'ChIJV5oQCXzdOkcR4ngjARfFI0I', 'ChIJBUVa4U7P1EAR_kYBF9IxSXY', 'email31@gmail.com'), ('2016-09-20 23:35:29.418', 'Painting', 0.6812310109363708, 1.3624620218727417, 'CLOSED', 1209.2350686683242, '2016-09-20 07:14:18.205', 22.462417401793317, 1.0899696174981934, 'ChIJV5oQCXzdOkcR4ngjARfFI0I', 'ChIJBUVa4U7P1EAR_kYBF9IxSXY', 'email21@gmail.com'), ('2016-09-19 07:17:45.925', 'Clothing', 0.5086719640164455, 1.017343928032891, 'CLOSED', 1729.5512185591122, '2016-09-18 11:47:10.3', 20.69191083698349, 0.8138751424263129, 'ChIJV5oQCXzdOkcR4ngjARfFI0I', 'ChIJBUVa4U7P1EAR_kYBF9IxSXY', 'email22@gmail.com'), ('2016-09-23 21:17:12.172', 'Eggs', 0.9020732827919586, 1.8041465655839173, 'CLOSED', 1146.2576279247508, '2016-09-22 19:10:31.011', 48.01308254677667, 1.4433172524671338, 'ChIJV5oQCXzdOkcR4ngjARfFI0I', 'ChIJBUVa4U7P1EAR_kYBF9IxSXY', 'email23@gmail.com'), ('2016-09-28 11:16:45.63', 'Clothing', 0.5423278662926516, 1.0846557325853032, 'CLOSED', 424.21951337932705, '2016-09-26 21:35:28.366', 14.81703381830547, 0.8677245860682427, 'ChIJV5oQCXzdOkcR4ngjARfFI0I', 'ChIJBUVa4U7P1EAR_kYBF9IxSXY', 'email24@gmail.com'), ('2016-09-08 19:57:02.402', 'Tools', 0.7346743601420794, 1.4693487202841589, 'CLOSED', 1699.72954439572, '2016-09-07 02:25:31.982', 28.188945847022595, 1.1754789762273272, 'ChIJV5oQCXzdOkcR4ngjARfFI0I', 'ChIJBUVa4U7P1EAR_kYBF9IxSXY', 'email25@gmail.com'), ('2016-09-24 12:31:46.422', 'Potatoes', 0.7723081160482874, 1.5446162320965748, 'CLOSED', 602.652754257001, '2016-09-24 09:20:42.144', 40.3296441782161, 1.23569298567726, 'ChIJV5oQCXzdOkcR4ngjARfFI0I', 'ChIJBUVa4U7P1EAR_kYBF9IxSXY', 'email26@gmail.com'), ('2016-09-21 01:26:54.913', 'Documents', 0.8222408728088157, 1.6444817456176315, 'CLOSED', 1316.5122219840007, '2016-09-19 07:10:41.836', 16.580109714679224, 1.3155853964941053, 'ChIJV5oQCXzdOkcR4ngjARfFI0I', 'ChIJBUVa4U7P1EAR_kYBF9IxSXY', 'email27@gmail.com'), ('2016-09-07 19:48:24.937', 'Electronics', 0.6507455209727928, 1.3014910419455856, 'CLOSED', 1649.1824386896315, '2016-09-06 05:31:56.202', 48.012629547139504, 1.0411928335564686, 'ChIJV5oQCXzdOkcR4ngjARfFI0I', 'ChIJBUVa4U7P1EAR_kYBF9IxSXY', 'email28@gmail.com'), ('2016-09-08 05:02:48.645', 'Documents', 0.5079157843773199, 1.0158315687546398, 'CLOSED', 651.3470608266778, '2016-09-06 10:26:30.025', 27.65359373471542, 0.8126652550037119, 'ChIJV5oQCXzdOkcR4ngjARfFI0I', 'ChIJBUVa4U7P1EAR_kYBF9IxSXY', 'email29@gmail.com'), ('2016-09-26 06:03:15.615', 'Glass', 0.8424743018432179, 1.6849486036864358, 'CLOSED', 255.9767283606841, '2016-09-24 06:50:35.536', 28.701973958227942, 1.3479588829491487, 'ChIJV5oQCXzdOkcR4ngjARfFI0I', 'ChIJBUVa4U7P1EAR_kYBF9IxSXY', 'email30@gmail.com'), ('2016-09-09 06:50:28.266', 'Eggs', 0.5732613362037329, 1.1465226724074657, 'CLOSED', 769.980469192192, '2016-09-08 18:35:42.851', 9.308193152721747, 0.9172181379259726, 'ChIJV5oQCXzdOkcR4ngjARfFI0I', 'ChIJBUVa4U7P1EAR_kYBF9IxSXY', 'email31@gmail.com'), ('2016-09-28 01:23:31.73', 'Tools', 0.7987179753483777, 1.5974359506967555, 'CLOSED', 211.78901113831253, '2016-09-26 14:32:23.346', 10.364301399999611, 1.2779487605574045, 'ChIJV5oQCXzdOkcR4ngjARfFI0I', 'ChIJBUVa4U7P1EAR_kYBF9IxSXY', 'email21@gmail.com'), ('2016-09-06 20:25:27.271', 'Books', 0.5728464997699043, 1.1456929995398086, 'CLOSED', 1969.850006532611, '2016-09-06 07:51:56.48', 10.902141784036292, 0.9165543996318469, 'ChIJV5oQCXzdOkcR4ngjARfFI0I', 'ChIJBUVa4U7P1EAR_kYBF9IxSXY', 'email22@gmail.com'), ('2016-09-27 09:41:39.111', 'Eggs', 0.5446351341354302, 1.0892702682708604, 'CLOSED', 1623.0345008106551, '2016-09-27 00:25:00.649', 30.053600831084772, 0.8714162146166884, 'ChIJV5oQCXzdOkcR4ngjARfFI0I', 'ChIJBUVa4U7P1EAR_kYBF9IxSXY', 'email23@gmail.com'), ('2016-10-01 15:17:07.259', 'Tools', 0.9858545753103629, 1.9717091506207258, 'CLOSED', 1816.3147668209838, '2016-09-30 22:51:15.637', 25.225103588805773, 1.5773673204965808, 'ChIJV5oQCXzdOkcR4ngjARfFI0I', 'ChIJBUVa4U7P1EAR_kYBF9IxSXY', 'email24@gmail.com'), ('2016-09-15 03:51:15.855', 'Potatoes', 0.8931288545066534, 1.7862577090133067, 'CLOSED', 1527.3171344411116, '2016-09-13 21:41:45.656', 5.792750827663456, 1.4290061672106456, 'ChIJV5oQCXzdOkcR4ngjARfFI0I', 'ChIJBUVa4U7P1EAR_kYBF9IxSXY', 'email25@gmail.com'), ('2016-09-10 18:29:56.55', 'Clothing', 0.9514660559168282, 1.9029321118336564, 'CLOSED', 1739.1420695997733, '2016-09-10 09:14:11.662', 26.678010047712828, 1.5223456894669252, 'ChIJV5oQCXzdOkcR4ngjARfFI0I', 'ChIJBUVa4U7P1EAR_kYBF9IxSXY', 'email26@gmail.com'), ('2016-09-24 20:15:42.118', 'Autoparts', 0.6376446197141914, 1.2752892394283828, 'CLOSED', 861.4294274675271, '2016-09-23 23:25:10.396', 15.246435328311456, 1.0202313915427064, 'ChIJV5oQCXzdOkcR4ngjARfFI0I', 'ChIJBUVa4U7P1EAR_kYBF9IxSXY', 'email27@gmail.com'), ('2016-09-26 10:47:07.186', 'Tools', 0.7211369742433471, 1.4422739484866942, 'CLOSED', 73.73420806003719, '2016-09-25 06:36:10.779', 23.986419968683816, 1.1538191587893554, 'ChIJV5oQCXzdOkcR4ngjARfFI0I', 'ChIJBUVa4U7P1EAR_kYBF9IxSXY', 'email28@gmail.com'), ('2016-09-17 20:58:56.126', 'Documents', 0.8957782373573142, 1.7915564747146284, 'CLOSED', 447.3103124813697, '2016-09-17 12:02:53.256', 48.034356676745965, 1.4332451797717027, 'ChIJV5oQCXzdOkcR4ngjARfFI0I', 'ChIJBUVa4U7P1EAR_kYBF9IxSXY', 'email29@gmail.com'), ('2016-09-09 04:51:31.417', 'Books', 0.9373356638203058, 1.8746713276406115, 'CLOSED', 246.38297089380362, '2016-09-09 04:32:24.708', 31.02443256919899, 1.4997370621124892, 'ChIJV5oQCXzdOkcR4ngjARfFI0I', 'ChIJBUVa4U7P1EAR_kYBF9IxSXY', 'email30@gmail.com'), ('2016-09-02 21:47:38.958', 'Documents', 0.6621594477176078, 1.3243188954352156, 'CLOSED', 1385.0333529168806, '2016-09-01 04:33:52.325', 7.150946206249284, 1.0594551163481725, 'ChIJV5oQCXzdOkcR4ngjARfFI0I', 'ChIJBUVa4U7P1EAR_kYBF9IxSXY', 'email31@gmail.com');

insert into offers (offer_id, approved, car_id, order_id) VALUES (1, false, 1, 1);
insert into offers (offer_id, approved, car_id, order_id) VALUES (2, false, 1, 2);
insert into offers (offer_id, approved, car_id, order_id) VALUES (3, false, 1, 3);
insert into offers (offer_id, approved, car_id, order_id) VALUES (4, false, 3, 2);
insert into offers (offer_id, approved, car_id, order_id) VALUES (5, false, 3, 3);
insert into offers (offer_id, approved, car_id, order_id) VALUES (6, false, 4, 1);
insert into offers (offer_id, approved, car_id, order_id) VALUES (7, false, 4, 3);
insert into offers (offer_id, approved, car_id, order_id) VALUES (8, false, 5, 1);
insert into offers (offer_id, approved, car_id, order_id) VALUES (9, false, 5, 2);
insert into offers (offer_id, approved, car_id, order_id) VALUES (10, false, 5, 3);
insert into offers (offer_id, approved, car_id, order_id) VALUES (11, false, 6, 1);
insert into offers (offer_id, approved, car_id, order_id) VALUES (12, false, 6, 3);
insert into offers (offer_id, approved, car_id, order_id) VALUES (13, false, 7, 1);
insert into offers (offer_id, approved, car_id, order_id) VALUES (14, false, 7, 2);
insert into offers (offer_id, approved, car_id, order_id) VALUES (15, false, 9, 1);
insert into offers (offer_id, approved, car_id, order_id) VALUES (16, false, 9, 2);
insert into offers (offer_id, approved, car_id, order_id) VALUES (17, false, 9, 3);
insert into offers (offer_id, approved, car_id, order_id) VALUES (18, false, 10, 1);
insert into offers (offer_id, approved, car_id, order_id) VALUES (19, false, 10, 2);
insert into offers (offer_id, approved, car_id, order_id) VALUES (20, false, 11, 1);
insert into offers (offer_id, approved, car_id, order_id) VALUES (21, false, 11, 2);
insert into offers (offer_id, approved, car_id, order_id) VALUES (22, false, 11, 3);
insert into offers (offer_id, approved, car_id, order_id) VALUES (23, false, 12, 3);
insert into offers (offer_id, approved, car_id, order_id) VALUES (24, false, 13, 1);
insert into offers (offer_id, approved, car_id, order_id) VALUES (25, true, 2, 4);
insert into offers (offer_id, approved, car_id, order_id) VALUES (26, true, 15, 5);
insert into offers (offer_id, approved, car_id, order_id) VALUES (27, true, 15, 7);

insert into DELIVERY.OFFERS (approved, car_id, order_id) VALUES (true, 1, 34), (true, 14, 8), (true, 10, 18), (true, 11, 13), (true, 17, 29), (true, 2, 38), (true, 17, 17), (true, 3, 31), (true, 10, 30), (true, 14, 14), (true, 12, 35), (true, 10, 16), (true, 16, 27), (true, 4, 37), (true, 8, 21), (true, 3, 36), (true, 18, 40), (true, 9, 23), (true, 4, 20), (true, 2, 24), (true, 4, 19), (true, 17, 33), (true, 17, 9), (true, 15, 25), (true, 14, 10), (true, 8, 39), (true, 13, 11), (true, 4, 15), (true, 3, 26), (true, 9, 32), (true, 16, 28), (true, 6, 22), (true, 15, 12);

insert into DELIVERY.FEEDBACKS (approved, created_on, rate, text, order_id, email) VALUES (1, '2016-09-03 20:59:03.589', 5, 'VERY FAST SHIPPING, I AM VERY HAPPY WITH THIS TRANSPORTER!!!!', 8, 'email21@gmail.com'), (1, '2016-09-30 18:30:24.99', 3, 'item arrived as advertised TRANSPORTER not especially helpful.', 9, 'email22@gmail.com'), (1, '2016-09-05 19:20:48.67', 5, 'VERY FAST SHIPPING, I AM VERY HAPPY WITH THIS TRANSPORTER!!!!', 10, 'email23@gmail.com'), (1, '2016-09-22 07:08:17.092', 1, 'The delivery was not as described.', 11, 'email24@gmail.com'), (1, '2016-09-16 18:03:23.543', 1, 'The delivery was not as described.', 12, 'email25@gmail.com'), (1, '2016-09-04 20:01:55.321', 2, 'Nice JOB, expensive shipping', 13, 'email26@gmail.com'), (1, '2016-09-11 19:37:48.3', 2, 'Nice JOB, expensive shipping', 14, 'email27@gmail.com'), (1, '2016-09-19 22:12:02.399', 5, 'VERY FAST SHIPPING, I AM VERY HAPPY WITH THIS TRANSPORTER!!!!', 15, 'email28@gmail.com'), (1, '2016-10-02 15:22:25.603', 2, 'Nice JOB, expensive shipping', 16, 'email29@gmail.com'), (1, '2016-09-25 02:23:40.643', 2, 'Nice JOB, expensive shipping', 17, 'email30@gmail.com'), (1, '2016-09-23 13:47:37.307', 4, 'A++; very FAST AS USUAL; Received in excellent condition; Great Transporter!', 18, 'email31@gmail.com'), (1, '2016-09-21 20:05:00.353', 3, 'item arrived as advertised TRANSPORTER not especially helpful.', 19, 'email21@gmail.com'), (1, '2016-09-20 02:28:51.389', 1, 'The delivery was not as described.', 20, 'email22@gmail.com'), (1, '2016-09-24 08:50:11.982', 4, 'A++; very FAST AS USUAL; Received in excellent condition; Great Transporter!', 21, 'email23@gmail.com'), (1, '2016-09-28 11:38:18.179', 4, 'A++; very FAST AS USUAL; Received in excellent condition; Great Transporter!', 22, 'email24@gmail.com'), (1, '2016-09-09 15:36:02.76', 5, 'VERY FAST SHIPPING, I AM VERY HAPPY WITH THIS TRANSPORTER!!!!', 23, 'email25@gmail.com'), (1, '2016-09-25 10:22:57.296', 2, 'Nice JOB, expensive shipping', 24, 'email26@gmail.com'), (1, '2016-09-21 11:40:13.014', 5, 'VERY FAST SHIPPING, I AM VERY HAPPY WITH THIS TRANSPORTER!!!!', 25, 'email27@gmail.com'), (1, '2016-09-08 17:10:52.545', 2, 'Nice JOB, expensive shipping', 26, 'email28@gmail.com'), (1, '2016-09-08 21:56:58.996', 4, 'A++; very FAST AS USUAL; Received in excellent condition; Great Transporter!', 27, 'email29@gmail.com'), (1, '2016-09-26 11:22:02.72', 5, 'VERY FAST SHIPPING, I AM VERY HAPPY WITH THIS TRANSPORTER!!!!', 28, 'email30@gmail.com'), (1, '2016-09-10 02:44:22.821', 4, 'A++; very FAST AS USUAL; Received in excellent condition; Great Transporter!', 29, 'email31@gmail.com'), (1, '2016-09-28 16:11:55.098', 2, 'Nice JOB, expensive shipping', 30, 'email21@gmail.com'), (1, '2016-09-07 19:35:49.832', 2, 'Nice JOB, expensive shipping', 31, 'email22@gmail.com'), (1, '2016-09-27 22:29:56.568', 2, 'Nice JOB, expensive shipping', 32, 'email23@gmail.com'), (1, '2016-10-01 23:09:52.148', 4, 'A++; very FAST AS USUAL; Received in excellent condition; Great Transporter!', 33, 'email24@gmail.com'), (1, '2016-09-15 15:07:29.379', 2, 'Nice JOB, expensive shipping', 34, 'email25@gmail.com'), (1, '2016-09-11 14:04:19.938', 2, 'Nice JOB, expensive shipping', 35, 'email26@gmail.com'), (1, '2016-09-25 02:25:33.733', 2, 'Nice JOB, expensive shipping', 36, 'email27@gmail.com'), (1, '2016-09-26 20:26:52.28', 3, 'item arrived as advertised TRANSPORTER not especially helpful.', 37, 'email28@gmail.com'), (1, '2016-09-18 16:07:55.823', 2, 'Nice JOB, expensive shipping', 38, 'email29@gmail.com'), (1, '2016-09-09 10:02:35.882', 3, 'item arrived as advertised TRANSPORTER not especially helpful.', 39, 'email30@gmail.com'), (1, '2016-09-03 20:45:30.725', 4, 'A++; very FAST AS USUAL; Received in excellent condition; Great Transporter!', 40, 'email31@gmail.com');

INSERT INTO route_city (visit_date, x, y, order_id) VALUES ('2016-09-11 17:16:27.218', 49.866071, 23.957118, 1);
INSERT INTO route_city (visit_date, x, y, order_id) VALUES ('2016-09-11 17:16:27.218', 49.9602678,24.5536551, 1);
INSERT INTO route_city (visit_date, x, y, order_id) VALUES ('2016-09-11 17:16:27.218', 50.0711054,25.1656323, 1);
INSERT INTO route_city (visit_date, x, y, order_id) VALUES ('2016-09-11 17:16:27.218', 50.379910, 25.707483, 1);
INSERT INTO route_city (visit_date, x, y, order_id) VALUES ('2016-09-11 17:16:27.218', 50.602637, 26.519247, 1);
INSERT INTO route_city (visit_date, x, y, order_id) VALUES ('2016-09-11 17:16:27.218', 50.602061, 27.016033, 1);
INSERT INTO route_city (visit_date, x, y, order_id) VALUES ('2016-09-11 17:16:27.218', 50.615450, 27.251681, 1);
INSERT INTO route_city (visit_date, x, y, order_id) VALUES ('2016-09-11 17:16:27.218', 50.581687, 27.688400, 1);
INSERT INTO route_city (visit_date, x, y, order_id) VALUES ('2016-09-11 17:16:27.218', 50.356229, 28.317024, 1);
INSERT INTO route_city (visit_date, x, y, order_id) VALUES ('2016-09-11 17:16:27.218', 50.389874, 29.491531, 1);
INSERT INTO route_city (visit_date, x, y, order_id) VALUES ('2016-09-11 17:16:27.218', 50.425987, 29.961527, 1);
INSERT INTO route_city (visit_date, x, y, order_id) VALUES ('2016-09-11 17:16:27.218', 50.456188, 30.436237, 1);

SET FOREIGN_KEY_CHECKS=1;

CREATE TABLE hour_dimension (hour INT NOT NULL, PRIMARY KEY (hour));

CREATE TABLE day_dimension (day INT NOT NULL, PRIMARY KEY (day));

CREATE TABLE month_dimension (month_id INT NOT NULL, month VARCHAR(10) NULL, PRIMARY KEY (month_id));

INSERT INTO hour_dimension (hour) VALUES (0), (1), (2), (3), (4), (5), (6), (7), (8), (9), (10), (11);
INSERT INTO hour_dimension (hour) VALUES (12), (13), (14), (15), (16), (17), (18), (19), (20), (21), (22), (23);

INSERT INTO day_dimension (day) VALUES (1), (2), (3), (4), (5), (6), (7), (8), (9), (10), (11), (12), (13), (14), (15);
INSERT INTO day_dimension (day) VALUES (16), (17), (18), (19), (20), (21), (22), (23), (24), (25), (26), (27), (28), (29), (30), (31);

INSERT INTO month_dimension (month_id, month) VALUES (1, 'January');
INSERT INTO month_dimension (month_id, month) VALUES (2, 'February');
INSERT INTO month_dimension (month_id, month) VALUES (3, 'March');
INSERT INTO month_dimension (month_id, month) VALUES (4, 'April');
INSERT INTO month_dimension (month_id, month) VALUES (5, 'May');
INSERT INTO month_dimension (month_id, month) VALUES (6, 'June');
INSERT INTO month_dimension (month_id, month) VALUES (7, 'July');
INSERT INTO month_dimension (month_id, month) VALUES (8, 'August');
INSERT INTO month_dimension (month_id, month) VALUES (9, 'September');
INSERT INTO month_dimension (month_id, month) VALUES (10, 'October');
INSERT INTO month_dimension (month_id, month) VALUES (11, 'November');
INSERT INTO month_dimension (month_id, month) VALUES (12, 'December');